<configuration>
    <property resource="application.properties" />

    <appender name='CONSOLE' class='ch.qos.logback.core.ConsoleAppender'>
        <encoder>
            <pattern>%d{HH:mm:ss.SSS} [%thread] %-5level %logger{36} : %highlight(%msg) %n</pattern>
        </encoder>
    </appender>

    <appender name='SYSLOG-TLS' class='com.papertrailapp.logback.Syslog4jAppender'>
        <layout class='ch.qos.logback.classic.PatternLayout'>
            <pattern>%-5level %logger{35}: %m%n%xEx</pattern>
        </layout>
        <syslogConfig class='org.productivity.java.syslog4j.impl.net.tcp.ssl.SSLTCPNetSyslogConfig'>
            <!-- remote system to log to -->
            <host>${PAPERTRAIL_HOST}</host>
            <!-- remote port to log to -->
            <port>${PAPERTRAIL_PORT}</port>
            <!-- program name to log as -->
            <ident>QueryingAPI</ident>
            <!-- max log message length in bytes -->
            <maxMessageLength>128000</maxMessageLength>
        </syslogConfig>
    </appender>

    <logger name="com.jobhunter24" level="TRACE" additivity="false">
        <appender-ref ref="SYSLOG-TLS" />
    </logger>

    <logger name="org.springframework" level="WARN" additivity="false">
        <appender-ref ref="CONSOLE" />
    </logger>

    <root level="ERROR">
        <appender-ref ref="CONSOLE" />
    </root>
</configuration>